Sr. No.,Title,Description,status,post_type
1,Barry French1,"1.7 Cubic Foot Compact ""Cube"" Office Refrigerators",Publish,post
2,Barry French2,"1.7 Cubic Foot Compact ""Cube"" Office Refrigerators",Publish,post
3,Barry French3,"Cardinal Slant-DÂ® Ring Binder, Heavy Gauge Vinyl",Publish,post
4,Clay Rozendal,R380,Publish,post
5,Carlos Soltero,Holmes HEPA Air Purifier,Publish,post
6,Carlos Soltero,G.E. Longer-Life Indoor Recessed Floodlight Bulbs,Publish,post
7,Carl Jackson,"Angle-D Binders with Locking Rings, Label Holders",Publish,post
8,Carl Jackson,"SAFCO Mobile Desk Side File, Wire Frame",Publish,post
9,Monica Federle,"SAFCO Commercial Wire Shelving, Black",Publish,post
10,Dorothy Badders,Xerox 198,Publish,post
